M,numKeys,tipo,reads,writes,avg_reads,avg_writes,tempo_total,tempo_cpu,tempo_io,bytes
3,1000,Seq,10952,3964,10.952,3.964,0.0117661,0.00204457,0.00972152,35820
3,1000,Rand,9265,3183,9.265,3.183,0.0113036,0.00169753,0.00960603,26424
3,10000,Seq,143591,39959,14.3591,3.9959,0.121977,0.0203726,0.101605,359856
3,10000,Rand,121973,32490,12.1973,3.249,0.113028,0.0181286,0.0948995,270180
3,50000,Seq,834434,199952,16.6887,3.99904,0.674163,0.110284,0.563879,1799820
3,50000,Rand,709187,161770,14.1837,3.2354,0.658148,0.100994,0.557154,1341612
3,100000,Seq,1768897,399950,17.689,3.9995,1.42333,0.228892,1.19444,3599820
3,100000,Rand,1499814,323745,14.9981,3.23745,1.43365,0.214693,1.21896,2685348
